Trip_Distance_km,Passenger_Count,Base_Fare,Per_Km_Rate,Per_Minute_Rate,Trip_Duration_Minutes,Trip_Price,Time_of_Day,Day_of_Week,Traffic_Conditions,Weather
19.35,3.0,3.56,0.8,0.32,53.82,36.2624,0,0,0,0
47.59,1.0,3.5174266483952272,0.62,0.43,40.57,79.04786600636888,1,0,2,0
36.87,1.0,2.7,1.21,0.15,37.27,52.9032,2,1,2,0
19.722093757190652,3.0,2.93,0.63,0.32,22.64,15.618000000000002,2,0,2,0
8.64,2.0,2.55,1.71,0.48,89.33,60.2028,1,1,1,0
3.85,4.0,3.51,1.66,0.31432651984645543,5.05,11.2645,1,0,2,1
30.45,3.0,2.77,1.78,0.34,110.33,94.32054193052883,0,0,2,0
35.7,2.0,3.39,1.52,0.47,44.06154681493294,75.5657,1,0,0,1
48.53,3.0,4.78,1.3027184669298444,0.5,79.94,115.12478648740617,3,0,0,0
41.79,3.0,4.6,1.77,0.11,86.95,88.13279999999999,3,1,2,0
9.91,2.0,2.32,1.26,0.34,41.72,28.9914,2,0,2,0
9.99,4.0,4.33,0.85,0.43,34.0,27.4415,3,0,2,0
15.91,4.0,4.42,1.77,0.21,114.93,56.716,0,0,0,0
26.71,4.0,4.3,1.59,0.2,111.18,69.0049,1,1,0,1
30.98,1.0,4.5,0.84,0.25,57.02,44.7782,1,1,0,1
105.94355003672597,2.0,3.94,1.69,0.32,23.03,201.869509186128,3,1,0,1
18.95,1.0,3.38,0.78,0.39,54.04,39.2366,3,0,0,0
39.47,1.0,3.5161669991592537,1.496467755320629,0.35,7.59,83.69649999999999,1,0,0,0
138.09832791310237,4.0,2.24,1.75,0.32,94.86,280.87730155406564,2,1,1,1
3.28,2.0,2.88,1.76,0.2,78.04,24.260800000000003,2,0,1,0
30.77,1.0,3.64,1.33,0.13,109.6,58.8121,0,0,0,0
9.36,1.0,2.4,1.85,0.15,7.07,20.7765,1,0,1,0
4.19,1.0,4.07,1.89,0.19,69.06,30.28442346708806,0,0,0,0
47.5,2.4776183225709087,4.39,0.51,0.3,95.55,57.28,0,1,0,0
48.32,2.0,2.49,0.61,0.44,67.25,61.5552,0,0,0,0
40.61,1.0,2.31,0.88,0.38,42.25,54.1018,1,0,0,0
5.79,4.0,4.63,1.83,0.24,107.07,40.9225,2,0,0,0
34.53,3.0,3.58,1.1202507838750628,0.26,59.14,60.0471,0,0,1,0
22.57,1.0,3.4,1.41,0.2727634973427136,105.98,62.77850000000001,1,0,0,0
6.98,2.0,2.32,0.78,0.18,72.37,20.791,1,1,0,0
25.26,2.0,3.95,1.71,0.12,82.53,57.0482,2,0,2,0
2.69,4.0,4.6,1.95,0.34,97.49,42.9921,1,0,0,0
45.56,2.464068873410393,3.523199439238795,0.9,0.5,80.8,85.88400000000001,1,0,0,0
13.68,3.0,3.88,1.3343180781906638,0.17,50.78,29.4758,2,1,2,0
33.46,2.0,2.23,0.63,0.12,64.07,30.9982,1,1,0,1
16.27,1.0,2.34,1.3902272595482035,0.41,97.35,64.05529999999999,0,0,0,0
26.48,3.0,2.15,1.25,0.2,47.97,44.844,0,1,1,0
27.79,2.0,2.77,0.72,0.43,49.63,44.1197,2,0,0,0
10.06,2.0,2.41,1.16,0.38,16.0,20.1596,0,0,1,1
48.51,3.0,3.5352732021597877,1.0,0.48,110.18,104.1764,2,0,2,1
38.98,3.0,3.16,1.28,0.26,15.47,57.0766,1,0,0,0
44.85,1.0,3.83,0.51,0.29,52.52,41.9343,2,1,1,1
30.3,1.0,4.5,1.64,0.35,51.65,72.2695,3,1,0,0
46.17,4.0,4.13,1.57,0.28,83.15,99.8989,1,0,1,0
10.6,3.0,4.21,1.2518838766927605,0.3,73.28,32.342,1,0,1,0
3.22,3.0,2.83,1.63,0.31,93.78,37.1504,1,0,0,1
16.94,3.0,3.92,1.93,0.42,100.24,78.715,1,0,1,2
14.3,3.0,4.99,0.99,0.37,108.2,59.181,3,0,2,0
41.61,3.0,2.79,0.78,0.15,45.36142602804954,47.314800000000005,2,1,0,1
18.48,4.0,2.84,1.37,0.39,106.41,69.6575,1,0,1,0
146.0670471598387,2.0,4.79,0.73,0.3,60.81,320.958663578238,1,0,1,0
27.59,1.0,2.07,1.03,0.46,67.33,61.459500000000006,2,1,1,1
7.91,4.0,4.09,1.55,0.47,110.69,68.3748,0,0,1,0
40.31,4.0,4.18,1.34,0.12,108.49,71.2142,0,0,1,0
38.84,2.0,4.93,1.34,0.25,50.21,69.52810000000001,0,1,0,0
1.27,2.0,4.47,0.62,0.16,37.99,11.3358,0,0,2,0
35.64,1.0,3.94,0.62,0.1,104.02,36.4388,3,1,2,1
38.79,2.0,3.95,1.88,0.33,82.93,104.2421,1,0,0,0
4.63,2.48488239483575,4.95,0.91,0.39,24.87,18.8626,1,0,1,0
18.56,1.0,4.74,1.1922207909045397,0.47,44.62,45.385000000000005,0,1,1,2
6.68,2.0,3.32,1.35,0.38,12.08,16.9284,3,1,1,0
43.29,1.0,2.12,1.82,0.37,36.05,94.2463,2,0,1,1
31.54,2.0,3.09,1.91,0.26,93.37,87.6076,0,0,2,0
17.21,2.0,4.48,1.61,0.1,106.78,42.8661,1,0,0,1
4.11,2.0,4.1,0.63,0.15,30.48,11.2613,2,1,2,1
18.10538440203708,1.0,3.38,1.5,0.31,58.31,45.8161,3,0,1,0
16.93,4.0,2.17,1.12,0.37,59.09,42.9949,1,0,0,2
36.75,2.0,3.28,1.21,0.27,105.46,76.2217,1,0,1,0
44.47,1.0,4.79,0.79,0.31,64.0,59.761300000000006,3,1,0,0
6.86,2.0,2.93,1.18,0.18,102.45,29.4658,3,1,2,0
35.95,4.0,3.58,0.95,0.44,6.1,40.4165,1,1,0,0
38.28,1.0,3.5080910240095498,1.08,0.39,51.33,63.56110000000001,1,0,1,0
28.5,1.0,4.92,1.78,0.46,109.33,105.9418,1,0,1,0
38.78,3.0,3.08,1.62,0.15,90.14,87.01747440447812,0,0,1,0
25.721646835585425,1.0,3.43,0.91,0.5,67.43,60.077,0,1,1,0
26.61,4.0,3.07,0.68,0.18,65.91,33.0286,0,0,0,1
21.95,3.0,4.05,0.88,0.1,44.99,27.865,0,0,1,0
2.25,3.0,3.99,1.88,0.5,60.445459486453686,40.65,2,1,0,0
2.54,2.5003361001221136,2.8,1.3,0.37,53.11,25.7527,0,1,0,0
32.18,2.0,2.95,1.39,0.17,87.13,62.4923,3,0,1,1
25.92,3.0,3.97,1.71,0.46,22.79,58.7766,3,0,0,0
45.47,4.0,2.12,1.28,0.23,56.93,73.4155,3,1,0,1
13.22,2.0,3.79,0.68,0.37,51.92,31.99,0,0,0,1
21.11,4.0,4.61,0.69,0.18,84.06,34.3067,1,1,2,1
112.8309582902826,2.0,3.35,1.9,0.23,78.63,233.00828520738887,1,0,2,2
4.77,2.0,3.48011371170393,0.96,0.18,105.91,16.52882395058819,0,1,2,0
102.74755620694734,2.0,2.23,1.8,0.23,53.09,274.53508679715014,2,0,1,0
8.391233487722552,2.0,4.01,1.65,0.17,109.77,37.355900000000005,0,0,0,0
46.56,3.0,4.46,0.87,0.46,119.21,99.8038,0,0,0,0
40.6,3.0,2.73,0.55,0.26,17.2,29.532000000000004,1,1,1,0
32.04,3.0,3.26,0.65,0.2,31.8,30.446,1,0,0,0
40.38,1.0,3.5124553857322485,0.8,0.23,115.21,63.432300000000005,0,0,1,1
10.14,3.0,2.73,1.06,0.4,16.24,19.974400000000003,2,0,2,1
27.43,4.0,2.58,1.59,0.28,23.53,52.7821,0,1,0,1
40.56,3.0,2.31,0.67,0.44,119.54,82.0828,2,1,1,1
44.91,1.0,4.73,1.11,0.33,25.7,63.0611,3,0,0,1
6.39,4.0,4.28,1.31,0.38,102.57,51.6275,2,0,2,0
12.17,4.0,2.15,1.73,0.31,7.35,25.4826,1,1,0,1
43.18,3.0,3.03,1.54,0.2694859250915989,104.17,98.6948,1,0,2,0
26.03,2.0,2.27,1.55,0.4,83.98,76.20850000000002,0,0,1,0
21.45,2.0,4.27,1.12,0.3,82.54,53.056,2,0,1,0
6.87,2.0,2.56,1.5,0.23,9.0,14.935,0,0,1,1
17.54,2.0,2.56,1.29,0.49,52.06,50.696,0,0,0,1
39.67625719502609,3.0,2.55,1.46,0.37,38.26,85.6182,1,1,0,0
16.84,2.0,2.17,1.01,0.12,98.03,30.942000000000004,0,1,1,2
26.42,3.0,3.76,1.86,0.23,97.04,75.22040000000001,2,0,2,0
18.82,2.0,2.05,0.63,0.12,74.75,22.8766,1,0,0,1
48.62,1.0,2.15,1.17,0.11,74.49,67.2293,1,1,0,1
109.61608204688008,4.0,4.46,1.69,0.23,53.88,327.21766546350466,1,0,2,0
25.211635335858915,4.0,2.98,1.24,0.28,36.68,44.7092,1,1,1,1
14.96,1.0,3.79,0.9,0.17,66.66,28.5862,0,0,1,1
2.81,3.0,2.82,1.12,0.38,56.65,27.4942,2,1,0,1
30.87,4.0,2.08,1.85,0.31,55.61,76.4286,2,0,1,0
25.63,3.0,4.21,1.542232830654653,0.18,15.48,54.1556,1,0,1,0
3.52,4.0,3.88,1.53,0.23,87.64,29.4228,2,0,1,1
14.65,2.0,3.74,1.79,0.3021082543183169,29.58,40.020700000000005,2,1,2,0
45.51,1.0,4.23,0.63,0.13,27.65,36.4958,2,0,1,0
12.74,4.0,4.03,1.8,0.16,52.47,35.357200000000006,2,0,0,1
8.1,1.0,2.62,0.98,0.13,31.19,14.6127,1,1,2,0
24.98,3.0,3.06,0.77,0.42,72.14,52.5934,1,1,0,1
49.3,2.0,2.38,0.86,0.4,47.72,63.866,1,0,0,0
12.86,1.0,2.39,1.13,0.4,56.62,39.5698,2,0,0,0
33.93,2.0,3.506322161480178,0.88,0.39,66.77,59.92869999999999,0,0,0,1
38.32,1.0,4.58,0.98,0.37,28.41,52.6453,2,0,1,0
12.64,3.0,3.478554758497873,0.7,0.29,22.91,20.3819,2,0,1,0
19.02,2.0,2.55,1.36,0.12,54.88,35.0028,2,0,1,0
27.25,1.0,3.74,1.62,0.3,60.199942649015775,66.566,2,1,0,1
5.42,3.0,3.85,1.84,0.24,68.73,30.318,0,0,1,1
41.93,4.0,4.34,1.64,0.21,69.27,87.6519,2,1,1,1
21.854141496510067,2.0,4.11,1.0,0.36,86.31,51.9016,2,0,2,0
10.14,4.0,4.5,1.62,0.38,25.41,31.936404937509167,1,0,0,1
3.0,2.0,2.17,0.73,0.45,34.01,19.6645,0,0,0,0
29.95,2.0,4.24,0.7,0.24,98.23,48.7802,0,0,1,0
1.81,1.0,2.86,1.71,0.32,20.63,12.5567,3,0,0,1
12.1,2.5012052166140206,3.4805773502740145,0.59,0.31,66.57037085964893,19.2643,0,1,0,0
34.86,4.0,3.74,1.45,0.4,21.52,62.895,2,0,0,0
46.9,1.0,4.14,1.33,0.13,66.38,86.1097915344105,2,0,2,0
7.74,1.0,3.4746191445040258,1.29,0.12,21.54,15.0994,1,0,0,0
17.71,4.0,2.71,1.48,0.48,6.06,31.829600000000003,3,0,1,0
6.56,3.0,3.48,0.85,0.31,97.94,39.4174,1,0,0,0
46.31,1.0,4.74,1.8,0.35,46.80310335960725,96.939,1,0,1,1
43.99,2.0,2.64,0.96,0.29,74.71,66.5363,3,0,0,0
13.64,4.0,2.43,1.54,0.14,43.75,29.5606,0,0,1,1
33.34,1.0,4.28,0.52,0.41,72.33,51.2721,3,1,1,0
41.04,1.0,3.5,1.06,0.4,41.3,63.522400000000005,1,1,2,0
28.2,2.0,4.74,1.03,0.22,15.0,37.086,0,1,0,0
26.95,2.0,2.44,1.32,0.22,51.32632601565923,44.7548,1,1,0,0
12.85,4.0,3.94,0.61,0.36116064305005197,26.63,23.4957,2,0,0,2
5.56,4.0,3.4784882420706675,1.69,0.13,54.22,19.145,0,0,2,0
34.41890762977964,2.0,2.47,0.83,0.45,80.7,76.1018,1,1,1,0
45.12,4.0,3.5170739113748124,1.52,0.2,35.34,79.70039999999999,1,0,1,0
17.61,1.0,4.26,1.34,0.47,64.68,58.257000000000005,0,0,0,0
32.30995553307105,2.0,3.34,1.49,0.27,115.73,89.0764,3,0,2,0
35.56050910912351,3.0,3.22,1.03,0.38,72.79,77.18900000000001,3,1,1,0
44.47,2.0,4.95,1.71,0.24,59.18,95.1969,2,0,2,0
39.21,2.0,2.88,0.94,0.21,70.94,54.6348,0,0,0,2
5.12,4.0,3.497172358857419,1.62,0.4,82.72206139198639,51.45840000000001,0,0,1,0
8.92,3.0,3.69,1.07,0.36,42.14,28.4048,0,0,0,0
45.03,1.0,2.76,0.95,0.24,32.28,53.2857,1,0,2,0
1.45,1.0,2.8,1.73,0.2513283386166025,63.01,12.2396,2,1,2,0
5.97,4.0,4.69,1.89,0.32,90.57,44.95569999999999,1,0,1,1
33.51,3.0,2.31,1.32,0.4,62.87,76.7513482432789,1,1,0,0
8.88,4.0,4.72,1.85,0.44,88.21,59.96039999999999,3,1,2,0
34.9,3.0,4.9,0.85,0.25,38.29,44.1375,1,1,1,0
32.95,1.0,3.36,1.56,0.19,81.37,75.51682568772219,0,0,1,0
11.99,2.4891761652667657,4.84,1.74,0.28,54.06,40.839400000000005,2,1,1,1
16.94,4.0,2.56,0.63,0.19,65.42,25.662,0,1,0,0
37.58,4.0,2.91,1.16,0.47,84.52,86.22719999999998,1,0,0,2
32.83,1.0,3.5080503646890193,0.85,0.27,106.59,58.9648,1,1,1,0
42.61,3.0,2.43,0.94,0.49,62.01,72.86829999999999,0,0,0,1
33.22,1.0,2.31,1.66,0.32,41.02,70.5816,3,1,0,0
5.59,2.0,4.39,1.5041657541025728,0.1,30.31,17.147599999999997,1,0,2,0
130.80900130744172,1.0,3.93,0.63,0.16,88.31,328.8717691378544,1,0,2,0
48.68,4.0,2.59,1.01,0.14,51.44,58.9584,1,0,0,1
20.26,3.0,2.29,0.63,0.27,29.7,23.0728,0,0,0,1
44.71,1.0,2.5,1.94,0.47,45.94,112.71049009124593,3,0,0,1
31.93,1.0,4.77,1.71,0.32,37.67,71.4247,1,0,1,0
39.95,3.0,4.46,1.19,0.31,25.25,59.828,2,1,0,0
25.63,3.0,3.06,0.84,0.16,66.13347352705864,39.066,0,0,2,0
29.27,4.0,3.97,1.9,0.1,33.99,62.982,0,1,1,1
25.13,4.0,3.61,1.02,0.42,57.23,53.2792,0,1,1,1
21.227829955501058,3.0,4.03,0.74,0.14,49.37,18.7636,1,0,0,0
36.4,4.0,4.05,1.34,0.2968900311049659,117.94,94.105,1,0,1,0
14.76,3.0,3.89,1.92,0.47,49.98,55.71979999999999,2,1,1,0
2.19,1.0,2.8,0.51,0.18,14.2,6.472899999999999,1,0,1,0
32.63,1.0,2.12,0.86,0.37,15.33,35.8539,3,0,1,0
47.08,1.0,4.67,0.76,0.34,73.93,65.587,2,1,2,1
47.74,3.0,3.71,0.67,0.17,53.16,44.733,2,0,2,0
45.83,4.0,4.5,1.36,0.39,54.66,88.1462,2,0,1,0
19.14,2.0,4.97,1.79,0.22,11.2,41.6946,2,1,0,2
1.76,2.507768401200443,2.49,1.22,0.29,64.4,23.3132,2,1,0,0
46.49,3.0,4.08,1.99,0.34,63.05,118.0321,1,0,0,0
21.98,1.0,4.02,1.52,0.17,22.2,41.2036,0,0,1,0
48.37,2.0,4.94,0.61,0.4,9.235797712176321,41.2217,0,1,1,0
48.22,3.0,4.96,1.99,0.22,19.21,105.144,3,0,1,0
42.8,2.4383517608324907,4.06,1.11,0.36,16.62,57.55120000000001,1,0,2,1
15.43,2.0,2.73,0.93,0.16,75.12,29.0991,2,0,2,0
42.71,3.0,2.32,0.9161961335735032,0.15,33.91,48.4081,0,0,0,0
16.53,4.0,4.34,0.63,0.27,24.96,21.4931,0,1,1,0
9.31,2.0,4.73,0.5,0.2,115.15,32.415000000000006,1,1,0,1
28.28,2.0,3.15,1.17,0.4,103.28,77.5496,1,0,0,1
46.87,4.0,3.89,1.76,0.2,31.51,92.6832,0,0,0,0
35.11,3.0,3.29,1.36,0.45,42.67,70.2411,1,0,0,1
28.93,2.0,3.31,2.0,0.46,29.14,74.5744,0,0,1,0
5.76,2.0,2.93,0.93,0.18,61.57,19.3694,1,0,2,2
49.51,3.0,4.81,0.74,0.14,82.21,80.31831696236148,2,0,1,2
26.4,4.0,2.52,1.3060261780096862,0.39,108.34,76.69947381682277,1,0,0,0
43.99,3.0,4.62,1.69,0.36,23.91,91.96895451375141,0,0,1,0
37.3,3.0,4.21,1.86,0.35,97.47,107.7025,0,0,0,2
35.15,1.0,2.76,1.4767160244633408,0.21,96.08,91.8308,1,0,1,1
116.196063616616,4.0,2.2,0.85,0.25,19.63,206.69956969976877,1,1,1,0
139.06223019422194,2.0,2.8,1.82,0.14,50.83,276.84059674137075,1,0,0,1
40.66,2.0,3.9,0.67,0.3,34.29,41.4292,1,0,1,0
43.49,1.0,2.77,1.45,0.2,68.97,79.6245,2,0,0,0
45.75,3.0,4.16,0.75,0.23,52.31,50.5038,0,0,1,1
26.06,4.0,2.08,1.14,0.23,113.99,63.31069206289493,1,1,1,0
25.57,3.0,3.13,0.93,0.11,19.53,21.75581665048317,0,0,2,1
40.12,2.485862746247795,3.88,1.61,0.24,116.97,96.546,0,1,2,0
32.85,4.0,2.44,1.18,0.42,31.52,54.4414,3,0,1,0
39.99,2.0,2.71,0.58,0.31,43.98,39.538,1,0,2,0
17.56,1.0,3.22,1.22,0.11,103.66,36.0458,2,0,0,0
19.92303621828985,1.0,3.79,1.25,0.45,40.52,46.274,1,0,0,0
29.34,2.0,2.05,1.59,0.48,70.14,82.3678,1,0,2,0
2.76,3.0,4.73,1.81,0.3,59.25,29.466140596911217,1,0,0,0
23.81,1.0,2.81,1.91,0.24,62.02,63.1719,0,1,1,1
100.38042000901908,3.0,4.46,3.1593529343768134,0.6219289280317465,89.21,329.9130039401465,1,0,1,1
15.04,1.0,5.0,1.78,0.11,15.09,33.4311,0,0,0,0
29.95,4.0,2.63,1.33,0.33,81.84,69.47070000000001,0,0,2,0
2.49,2.526480581485014,2.8,1.74,0.32,108.02,41.699,1,0,0,0
2.83,1.0,3.99,0.96,0.19,11.65,8.920300000000001,0,0,0,2
41.31,2.442509816943632,4.9,1.1,0.2528350700070582,21.18,56.05960000000001,1,0,1,0
18.65,1.0,4.75,0.98,0.36,87.41,54.49459999999999,1,0,1,0
7.23,1.0,3.51,1.2,0.39,55.29,33.7491,2,0,0,0
26.59,2.0,4.39,0.93,0.1,51.41,34.2597,0,0,1,0
38.73,2.4366441302599364,2.41,1.94,0.47,20.75,87.29869999999998,0,0,1,0
11.58,3.0,4.93,0.97,0.17,63.28,26.9202,0,0,0,1
5.18,2.0,2.49,1.29,0.21,59.81,21.7323,2,0,1,0
3.53,1.0,2.9,0.59,0.12,92.82,16.1211,0,1,0,0
27.04,2.0,2.3,0.67,0.15,52.98652763704177,25.6218,3,0,2,0
145.74705994904548,3.0,2.82,0.83,0.49,60.29,325.0989498083767,0,0,2,1
32.23,3.0,4.45,1.2,0.23,119.08,70.5144,1,0,2,0
48.82,2.0,2.27,1.7,0.14,101.76,99.5104,2,0,2,0
26.3,2.0,3.03,1.61,0.39,52.71,65.9299,2,0,1,0
16.82,4.0,4.94,1.14,0.44,93.3,65.1668,2,0,0,2
39.96,4.0,3.89,1.0,0.2,9.66,45.782,1,0,0,0
2.24,1.0,4.46,0.52,0.14,102.26,19.9412,1,0,0,0
48.17,3.0,3.5269868727935307,1.69,0.27,44.82,96.3487,2,1,1,0
41.96,4.0,2.21,1.22,0.19,80.28,68.65440000000001,1,1,0,1
21.04,2.0,2.36,0.85,0.2,72.41,34.726,1,0,0,1
8.67,2.0,4.79,1.79,0.46,71.36,53.1349,0,0,2,1
13.26,4.0,3.49,1.56,0.33,44.36,38.814400000000006,0,0,1,0
27.91,3.0,4.53,1.22,0.24,47.5895556270008,42.0962,0,1,0,0
36.02,2.0,3.34,1.28,0.24433523849519412,119.17,79.2381,0,1,0,0
33.35,1.0,4.13,1.96,0.26,19.63,74.59979999999999,2,0,2,0
14.72,2.4652317481814925,4.2,1.95,0.39,13.32,38.0988,0,0,0,0
27.911009028712527,3.0,2.21,0.82,0.23,42.84,37.4586,2,0,1,0
21.56,1.0,3.499030888419364,1.51,0.32,50.02,52.868734861477094,1,0,2,0
18.44,2.0,4.99,1.9,0.18,44.45,48.027,1,0,0,1
1.71,4.0,4.45,1.27,0.18,87.85,22.4347,0,0,2,0
6.69,4.0,3.3,1.88,0.45,60.47822929198941,44.6007,3,0,0,0
3.25,3.0,4.39,1.86,0.16,70.4423663640149,28.5966,3,0,1,0
3.0,1.0,3.79,0.73,0.28,9.82,8.729600000000001,1,0,0,0
42.92,3.0,4.66,1.05,0.34,62.85,71.095,0,0,2,0
35.48,3.0,3.23,1.43,0.38,72.19,81.39859999999999,1,0,0,0
116.66768073006573,2.0,3.81,0.74,0.25,110.82,248.29520891209057,0,0,2,0
5.79,2.0,3.89,1.95,0.45,10.65,19.973,0,0,1,0
25.09,2.0,3.25,1.87,0.33,70.95,73.5818,0,1,1,2
24.2,1.0,2.43,0.75,0.28,103.17,49.4676,1,0,0,2
9.49,1.0,2.28,0.68,0.13,32.82,12.9998,2,0,1,0
22.26,2.0,3.4995000217088585,0.63,0.29,105.77,46.7471,2,0,1,0
31.18,1.0,2.71,0.79,0.35,89.23,58.5727,1,0,1,0
32.12,4.0,2.63,1.12,0.43,112.31,86.89770000000001,1,0,2,1
3.22,1.0,4.21,1.17,0.3,80.58,32.151399999999995,1,0,1,0
19.36,1.0,2.96,1.4,0.15,55.49,38.3875,3,0,1,1
31.67,1.0,3.52,0.9463058501021032,0.11,10.16,23.9563,0,0,0,0
25.65,2.0,2.49,0.84,0.22,110.81,48.4142,2,0,1,2
42.97,4.0,4.88,1.9,0.38,59.08,108.9734,1,1,0,0
4.46,3.0,3.22,0.53,0.3,60.41,23.7068,1,1,1,0
32.48,3.0,4.29,0.99,0.27,19.3,41.65619999999999,2,0,0,0
2.3,2.490743913664135,2.43,1.44,0.26,29.64,13.4484,3,1,0,0
29.575493101434905,3.0,2.03,0.91,0.19,12.42,31.4168,1,0,1,1
47.07,4.0,2.06,1.86,0.15,71.04,100.2662,0,0,1,1
29.2,3.0,3.76,1.45,0.18,76.53,59.87539999999999,1,0,2,1
20.02,3.0,3.37,0.61,0.12,63.16,23.1614,3,0,2,0
32.52,4.0,3.55,1.86,0.18,98.97,81.85180000000001,0,0,1,1
27.74,1.0,3.4988076428357933,0.62,0.35,75.8,46.9988,1,0,0,0
47.13,4.0,4.15,1.3,0.23,6.47,66.90710000000001,2,0,0,0
19.92,4.0,3.33,0.96,0.49,84.95,64.0787,0,0,0,0
36.18714460468013,4.0,4.2,1.09,0.18,67.28046132427983,66.1816,2,0,1,0
45.36,3.0,2.7,0.77,0.24,70.04,54.436800000000005,3,0,1,0
10.59,4.0,4.44,1.3778032474823338,0.24,79.64,38.0619,0,0,1,0
4.4,2.0,3.77,1.94,0.1,45.28,16.834,0,1,0,1
5.94,3.0,2.63,1.25,0.44,110.47,58.6618,3,0,0,0
1.89,1.0,2.71,0.62,0.11,20.41,6.1269,0,1,0,0
5.63,1.0,3.88,1.43,0.36601946788586903,82.22,51.39649999999999,2,0,0,0
34.47,1.0,4.49,1.01,0.46,5.5,41.834700000000005,1,0,2,0
4.49,3.0,3.25,1.78,0.31,111.33,45.75449999999999,0,0,0,0
2.14,4.0,4.01,0.79,0.25,43.3,16.525599999999997,1,1,2,0
14.81,1.0,3.46,0.9,0.12,29.64,20.3458,1,1,0,1
6.79,3.0,2.61,1.65,0.12,72.29,22.4883,0,1,1,0
35.14,2.0,3.88,0.81,0.28,55.94,48.006600000000006,1,1,1,0
44.0,3.0,4.99,1.2,0.46,41.76,76.9996,0,0,0,0
40.37,1.0,3.46,1.9,0.43,84.32,116.42059999999998,1,0,2,1
14.82,4.0,3.7,0.81,0.18,88.36,31.609,2,0,2,0
9.69,2.0,4.75,1.04,0.26,85.28,37.0004,0,0,1,0
37.78,2.0,4.4,0.72,0.23,40.76,40.9764,3,1,1,0
40.53,1.0,3.35,1.26,0.26,16.46,58.6974,1,0,1,0
49.53,2.0,4.16,1.19,0.16,36.33,68.9135,0,0,1,0
21.22,2.0,3.76,1.85,0.3,100.66,73.21499999999999,0,0,1,0
19.23,3.0,3.48,1.9,0.42,117.75,89.472,0,0,1,0
39.04,4.0,3.508234555581455,1.08,0.28,61.79,62.0444,1,0,1,0
17.7,1.0,3.39,1.24,0.3,6.12,27.174,1,1,1,0
46.61,1.0,2.74,1.84,0.44,21.11,97.7908,2,0,2,0
22.02,1.0,3.489657200729741,0.51,0.3,71.54,32.28160633950013,0,0,2,0
37.97,2.0,3.6,1.13,0.45,113.49,97.57659999999998,2,0,2,1
6.05,3.0,3.89,0.84,0.33,46.98,24.4754,0,0,1,0
25.76,3.0,2.39,0.56,0.21,94.76,36.7152,0,0,2,0
41.5,3.0,3.13,1.47,0.42,91.88,102.72459999999998,2,0,0,0
19.942164507472306,2.0,2.3,0.89,0.12,74.77,26.1176,1,0,2,1
44.88,1.0,3.87,0.58,0.5,77.08,68.4404,1,0,1,0
20.07,2.0,3.34,0.85,0.15,78.37,32.155,2,0,1,2
1.53,1.0,4.33,1.7,0.42,77.3,37.43269011989102,2,0,0,0
45.36,2.453783503537447,2.66,1.78,0.26,68.68,101.2576,1,1,1,1
47.55,4.0,4.78,1.97,0.27,94.35,123.928,0,0,0,0
47.58,3.0,4.13,0.8,0.31,105.33,74.8463,0,0,0,0
29.1,4.0,3.26,0.82,0.12,29.8,30.698,0,0,2,0
31.96,3.0,3.55,0.94,0.264159439725234,14.64,35.0564,1,0,2,0
22.97,2.0,2.25,0.76,0.2,60.53,31.8132,3,1,0,1
14.307107200615473,3.0,4.0,1.87,0.15,100.36,51.031000000000006,0,0,0,0
33.95,2.0,2.86,1.42,0.15,56.152187815926055,59.475,1,0,1,1
37.87,1.0,3.76,1.021265709078552,0.26,70.65,64.5434,3,0,2,0
39.79,1.0,2.33,1.9,0.36,62.69407827881841,101.5506,1,0,2,2
39.69,3.0,4.9,0.57,0.38,18.682335695507916,31.0915,1,0,1,1
5.47,1.0,2.52,0.82,0.17,75.75,19.8829,0,1,1,0
25.23,3.0,3.94,1.35,0.13,100.22,51.0291,0,0,0,1
5.983514102751521,1.0,3.476548407417998,1.42,0.48,23.11,19.2572,3,0,2,0
27.93,4.0,4.15,0.56,0.2,73.35,34.4608,3,1,0,0
22.63,2.0,4.33,1.2709359563220017,0.44,73.27,62.945795726017224,0,0,1,0
44.5,4.0,4.02,1.47,0.45,23.88,80.18099999999998,3,1,1,0
17.221039582066823,2.4658531283594467,3.84,1.55,0.41,19.2,39.9065,1,0,1,1
6.74,4.0,4.68,1.46,0.17,117.71,34.5311,2,1,0,1
8.01,3.0,3.4852954506022966,0.98,0.43,50.28,31.7102,1,0,2,0
38.31,1.0,2.99,0.64,0.41,31.15,40.2799,1,1,0,0
31.29,1.0,2.74,1.14,0.34,24.7,46.8086,1,1,1,2
5.96,2.5126444639532917,4.96,0.69,0.23,81.77,27.8795,1,0,0,0
5.12,4.0,3.17,1.92,0.21,75.09,28.7693,0,1,0,0
35.35,1.0,4.2,1.21,0.15,79.01,58.825,0,0,1,0
41.27,1.0,2.64,1.65,0.33,107.76,106.2963,2,0,0,0
31.599579567677115,2.0,2.72,1.25,0.24,49.77,59.1773,0,0,0,1
5.16,2.0,3.23,1.72,0.25,58.17,26.6477,3,0,1,0
19.16,2.0,4.64,0.57,0.25393457306664474,111.87,34.5791,1,1,0,0
40.83,1.0,4.9,1.35,0.25910842814107277,39.9,69.99549999999999,2,0,0,1
47.42,2.0,3.02,1.64,0.16,104.35,97.4848,0,0,0,1
34.376061935481935,1.0,3.02,0.7,0.35,94.88,70.745,1,0,1,0
37.92,2.0,2.02,0.84,0.39,112.04,77.56840000000001,2,0,1,1
39.08,2.4458900091764675,2.44,1.63,0.31416742511701395,36.57,83.694,1,0,0,0
21.79,2.0,4.37,1.17,0.34,5.61,31.7717,2,0,2,0
45.41,2.0,3.85,0.51,0.12,69.95,35.4031,1,0,0,0
6.45,2.0,2.13,1.73,0.46,44.01,33.5331,0,0,0,0
25.14,3.0,3.87,1.04,0.31,42.11,43.069700000000005,3,0,2,1
1.56,4.0,2.93,1.31,0.37,79.16,34.2628,1,0,2,0
6.76,2.4865540222225975,3.2,1.3,0.45,35.43,27.9315,1,1,1,0
32.81,2.47361513261361,4.84,1.086416605933506,0.23,64.74,55.82120000000001,1,1,0,0
29.59,3.0,4.32,1.46,0.29,6.34,49.36,1,0,1,1
48.15,2.0,3.45,0.95,0.34,69.03,72.6627,3,0,0,0
19.37,3.0,4.69,0.69,0.11,81.08,26.9741,0,0,1,0
15.0,3.0,4.72,1.76,0.21,73.07,46.46469999999999,3,0,0,2
43.56,3.0,2.26,1.04,0.11,89.67,57.426100000000005,1,0,0,1
11.96,2.0,4.81,1.49,0.27,70.7,41.71940000000001,2,0,1,2
12.155971404224566,3.0,4.37,0.8,0.49,18.39,14.6611,1,0,2,0
3.11,3.0,4.42,0.59,0.16,36.62,12.1141,2,1,0,0
44.67,2.0,4.55,1.12,0.46,14.16,61.09400000000001,1,1,1,1
26.86,4.0,2.87,1.32,0.31,54.4,55.1892,1,0,0,0
49.66,4.0,4.86,1.15,0.16,68.75,72.969,1,1,2,0
6.060057112666797,2.490707849534256,2.15,1.62,0.47,42.81,29.7551,2,0,0,0
28.14,3.0,2.45,1.4896042743116258,0.4,87.85,86.5536,2,1,1,0
48.5,1.0,3.61,1.66,0.39,79.03,114.9417,2,0,0,0
26.63,1.0,3.73,0.56,0.38,43.27,35.08540000000001,1,1,1,0
31.84,3.0,3.94,0.79,0.18,91.81,45.6194,2,0,2,2
107.78683195771164,1.0,2.05,1.3,0.18,79.6,322.7259960920446,0,1,2,0
23.27,2.0,4.88,1.9,0.38,78.31,78.85079999999999,1,1,0,0
29.63,3.0,2.43,1.76,0.28,6.31,56.345600000000005,1,0,2,0
45.16,3.0,2.04,0.9005056040050667,0.41,85.1,79.833,1,1,2,0
3.23,2.0,3.7,1.14,0.41,48.24,27.1606,1,0,0,1
14.77,4.0,4.8,1.21,0.28,113.4,54.42370000000001,1,1,1,0
47.57,2.47363335852145,4.0,0.74,0.42,99.07,80.81119999999999,1,0,0,1
23.33,1.0,2.04,1.92,0.3017916878188275,34.0,59.0736,0,0,0,2
31.39,1.0,3.63,0.86,0.19,28.43,36.0271,1,0,0,0
14.59,2.0,3.482765055671194,0.86,0.21,44.14,25.1968,0,1,1,0
23.72,3.0,2.22,1.89,0.15,39.05,52.9083,1,0,1,0
18.31,1.0,4.05,1.37,0.21,64.22,42.6209,1,0,1,1
29.6,2.0,3.51,1.5,0.18,24.02,52.2336,1,0,0,0
4.81,1.0,4.3,1.87,0.28,117.44,46.1779,1,1,0,0
48.75,2.0,3.46,1.02,0.46,17.41,61.1936,1,1,1,1
49.32,1.0,2.45,1.43,0.14,112.17,88.6814,2,0,0,0
35.21,4.0,3.94,0.56,0.39,110.06,66.581,1,1,1,0
27.27,3.0,2.52,0.78,0.37,65.42,47.996,1,1,2,0
40.88,4.0,3.5266689384334846,1.65,0.47,55.15,97.2125,1,1,0,0
34.55,1.0,2.47,1.03,0.2874478152554074,60.03661654803355,63.615,1,0,0,1
8.97,1.0,4.89,1.07,0.25,44.17,25.5304,1,0,0,0
41.3,1.0,2.22,0.5380808679742775,0.2,71.5,37.17,1,0,1,1
47.54,1.0,3.88,0.86,0.38,36.35471571790296,68.4308,1,1,1,0
36.56,3.0,2.76,0.81,0.12,49.830886893403864,40.9716,2,1,0,0
31.06,4.0,4.41,0.88,0.44,37.97,48.4496,2,0,0,0
21.49,4.0,4.45,1.71,0.28,47.2,54.4139,2,1,0,1
46.7,2.0,4.94,0.761353142364468,0.35,14.65,53.0315,3,0,1,0
43.44,1.0,3.51,0.79,0.19,11.01,39.9195,0,0,0,0
2.29,1.0,4.26,1.8,0.41,13.54,13.9334,0,1,0,0
19.45,1.0,2.4,0.86,0.29,16.93,24.0367,1,0,2,0
40.72,2.0,3.64,0.62,0.35,98.49,63.3579,2,0,2,0
49.38,1.0,3.64,1.03,0.28,9.47,57.153000000000006,0,0,0,0
8.37,3.0,2.27,1.62,0.3518802989463594,80.78,52.9882,3,1,0,1
30.11,3.0,3.25,1.33,0.3,36.34,54.1983,0,0,1,0
19.66,2.0,4.56,1.73,0.44,105.23,84.873,3,0,0,0
48.53,1.0,4.57,1.94,0.33467078813425466,60.77,124.2416,1,0,1,2
42.26,3.0,2.3,1.69,0.26,40.14,84.1558,0,0,2,1
42.08,1.0,2.27,1.41,0.19,64.53,73.86349999999999,1,1,1,1
23.97,1.0,2.79,1.24,0.26,48.93,45.2346,0,0,2,0
21.33,1.0,4.62,0.56,0.43,69.89,46.61750000000001,0,0,0,0
14.4,2.0,2.39,1.98,0.19,18.17,34.3543,1,1,0,0
3.76,2.5308950375684747,4.16,1.08,0.31,119.65,45.31230000000001,2,0,1,1
43.37,3.0,2.3,0.73,0.42,53.94,56.61489999999999,1,1,0,0
40.83,1.0,3.87,1.5,0.24,45.05,75.92699999999999,1,0,1,0
49.99,3.0,3.07,0.93,0.36,86.67,80.7619,1,1,0,0
139.476514583775,1.0,4.37,1.38,0.2,46.85,296.0886973121837,2,0,0,0
28.22,3.0,2.7,1.38,0.14,100.83,55.7598,0,0,2,0
38.68,2.4601813609823338,3.92,1.17,0.42,57.24,73.2164,1,1,0,0
47.29,1.0,2.71,1.75,0.14,87.75,97.75249999999998,0,1,2,0
42.63,1.0,4.14,0.8692896737098286,0.21,17.36,46.15260000000001,0,1,2,0
13.12,3.0,4.62,1.17,0.44,102.3,64.9824,1,0,1,2
23.08,4.0,2.38,1.31,0.24,89.61,54.1212,0,1,1,1
7.33,2.0,4.6,1.5,0.49,29.35,29.9765,1,1,1,1
47.75,4.0,3.78,1.68,0.49,36.324650366268386,94.6379,2,0,2,1
30.7,4.0,2.38,1.09,0.21,41.37,44.5307,0,1,0,0
12.2,1.0,3.28,1.47,0.12,117.25,35.284,1,1,1,0
33.91,2.0,2.48,0.73,0.38,34.54,40.3595,0,0,1,0
31.29,2.4649992495681885,4.1,1.9,0.28,57.45,79.637,3,0,1,0
18.55,1.0,4.28,1.07,0.14,58.101817699236136,25.3115,1,0,1,0
6.56,4.0,2.32,1.59,0.38,50.68,32.0088,2,0,0,0
33.91,4.0,3.4892997709443208,0.53,0.11,50.93893043358777,29.2693,1,0,1,0
26.5,1.0,4.44,0.81,0.45,114.61,77.4795,0,0,2,0
38.84,1.0,4.81,1.23,0.22722178048499142,64.42,62.89040000000001,1,0,0,0
26.49,1.0,3.54,1.82,0.15,99.2,66.6318,3,0,2,0
42.76,2.0,4.85,1.29,0.17,67.92,71.5568,1,0,1,1
28.04,4.0,3.61,1.89,0.48,9.69,61.2568,2,1,2,0
28.49,2.464841710206989,3.18,1.23,0.38,41.23,53.8901,2,1,1,0
20.77,4.0,3.48,1.289508676687061,0.26,65.76762667721195,47.3268,0,1,0,0
7.57,3.0,3.42,1.7,0.23,103.8,40.163,1,0,2,0
38.0,2.4434763480274886,4.54,1.85,0.29,30.31,83.6299,2,0,2,0
35.5,2.0,3.21,1.91,0.35,111.09,109.89649999999996,1,1,0,1
11.44,1.0,3.0,1.28,0.2,103.06,38.2552,0,1,0,1
7.68,3.0,3.48,1.52,0.48,94.11,60.32639999999999,2,0,1,0
18.18,2.0,2.72,0.7,0.49,63.0,46.316,2,0,2,1
20.22,1.0,3.46,0.55,0.3047831847215857,34.14,24.4816,1,0,0,0
45.3,3.0,2.32,0.73,0.28,8.51,37.7718,1,1,1,1
18.06,3.0,2.72,0.77,0.33,20.16,23.279,1,1,2,0
20.43,2.0,2.51,1.43,0.39,53.63,52.6406,2,0,1,0
43.26,4.0,2.92,1.26,0.43,47.55,77.8741,0,0,1,2
8.21,3.0,2.97,1.36,0.34,95.18,46.49680000000001,0,1,1,0
46.4,4.0,3.63,1.46,0.33,92.78,101.9914,1,0,0,0
25.11,4.0,3.66,1.34,0.25,88.1,59.3324,1,0,1,0
13.65,2.0,3.07,1.61,0.29,63.18381936193764,43.26574752977261,1,0,0,0
23.5,4.0,3.34,1.0,0.23,43.87,36.9301,0,0,1,0
49.02,4.0,4.9,1.65,0.16,59.03,95.2278,1,1,0,0
25.14,2.0,3.13,1.15,0.19,43.04,40.2186,1,0,1,1
28.904139949894425,4.0,2.73,1.47,0.37,42.88,65.6944,3,0,0,0
12.77,3.0,3.37,0.53,0.3524488748752532,20.9,17.662100000000002,0,0,0,0
7.32,4.0,2.62,1.43,0.39,117.69,58.9867,1,0,1,0
122.82019097975328,2.3311052725386077,4.13,0.96,0.12,30.98,247.5983178992313,1,0,2,0
8.44,3.0,2.06,0.63,0.45,75.4,41.30720000000001,2,1,0,0
7.8,2.5084078657375075,3.26,0.64,0.45,79.26832028911689,32.9075,1,1,1,0
32.4,4.0,4.33,1.88,0.28,13.17,68.9296,3,1,0,0
9.91,1.0,3.02,1.53,0.33,61.11,38.348600000000005,0,0,1,1
17.94,1.0,3.69,0.69,0.49,85.75,58.0861,0,0,2,0
44.94,1.0,2.61,1.04,0.31,64.02,69.1938,2,0,0,0
24.22,2.0,4.23,1.39,0.46,84.23363458098122,86.3292,1,1,1,0
33.71,2.0,3.5077397900844445,1.75,0.13,38.23,66.1224,0,0,0,1
9.44,1.0,4.56,0.57,0.18,14.92,12.6264,0,0,0,0
10.42,1.0,3.4955476756352386,0.85,0.28,112.71,43.0058,0,0,0,0
3.0,2.0,4.62,1.83,0.33,48.49,26.111700000000003,2,0,0,0
9.28,3.0,3.06,0.51,0.43,71.29,38.447500000000005,0,0,1,0
14.65,4.0,4.17,0.8,0.5,96.08,63.93,1,0,1,0
9.67,4.0,2.96,1.94,0.26,42.3,32.7178,0,1,1,0
6.91,3.0,2.38,0.89,0.42,20.57,17.1693,0,0,0,0
23.58,2.0,2.54,0.6,0.34,38.5,29.778,1,0,1,0
34.83,3.0,4.83,1.12,0.41,87.5,79.71459999999999,1,0,1,2
2.93,2.0,4.93,1.58,0.3,113.48,43.60339999999999,2,1,1,2
40.17,2.0,3.13,1.88,0.22,65.69,93.1014,1,0,1,1
31.77,4.0,4.77,1.11,0.49,67.1,72.9137,1,0,0,0
5.01,4.0,3.63,0.79,0.37,58.02,29.055300000000003,1,1,0,1
43.81,3.0,2.81,1.28,0.26,42.48,69.9316,1,0,1,0
46.12,3.0,4.11,1.86,0.21,59.7,102.4302,1,0,0,0
138.76388715029725,2.0,3.98,1.71,0.39,74.32,332.0436886774302,3,0,2,0
14.57,4.0,4.97,0.6,0.2892175137150259,118.39,37.39,1,0,1,0
40.5,3.0,2.8,1.54,0.2248909485820148,112.84,84.3528,1,1,0,1
37.66,4.0,4.02,1.36,0.31,104.15,87.5241,2,0,1,0
10.04,2.518957450899865,2.16,1.86,0.22,107.25,44.4294,1,1,0,0
11.26,3.0,2.34,0.68,0.3554181439016382,58.8,30.5768,0,1,1,1
19.15,2.0,2.01,1.3,0.15,80.61,38.9965,1,0,1,0
24.74,3.0,5.0,1.82,0.36,107.93,88.8816,3,1,2,0
31.29,3.0,4.41,1.2173612493008084,0.21,50.19,55.51341754085223,0,0,1,1
19.08,4.0,4.36,1.22,0.1,115.6,39.1976,1,1,1,0
23.66,3.0,3.53,0.61,0.15,52.82,25.8856,0,0,1,0
37.63,2.0,2.9,0.92,0.2937203255237486,74.12,72.356,1,0,2,0
2.8,3.0,2.45,1.4895786024746929,0.45,86.63,44.2055,0,0,0,0
13.37,2.0,2.85,1.92,0.19,114.32,50.2412,1,0,0,1
35.95,2.0,3.13,0.92,0.41,33.13,49.78730000000001,2,0,0,0
26.07,1.0,3.62,1.51,0.49,64.89,75.89395190475358,1,0,1,0
27.07,1.0,2.23,0.74,0.25,35.88,31.2318,2,0,1,0
6.25,4.0,2.05,1.23,0.37,94.31,44.6322,3,1,1,2
12.88,2.0,4.8,1.44,0.49,42.13,43.9909,0,1,0,0
14.19,1.0,3.91,1.5,0.32,63.496792940779244,44.507000000000005,3,1,1,0
19.49,4.0,4.41,0.69,0.22,76.0,34.5781,3,1,1,1
1.98,3.0,3.4,1.92,0.15,51.56,18.764501401822386,1,0,0,0
20.977911875980485,4.0,3.08,0.7,0.38,27.81,25.3938,2,0,0,0
11.36,1.0,3.5063173507630885,1.66,0.36,115.59,62.8,1,1,0,0
17.05,4.0,4.63,0.9,0.25,63.82,28.452949335593843,1,0,2,1
44.64,1.0,2.5,1.58,0.11,52.27,78.7809,2,0,1,1
30.09,2.463850093906913,3.54,1.63,0.22,45.84,62.6715,0,1,0,0
28.1578211746894,2.0,3.46,0.83,0.47,51.82,56.2678,2,0,1,1
39.67,1.0,3.88,1.16,0.23,52.06,61.871,2,0,1,0
25.42,4.0,4.84,1.43,0.2,67.58,54.7066,2,0,1,0
5.26,1.0,3.74,1.65,0.31,67.5,33.344,0,0,0,0
29.76,3.0,2.15,1.94,0.14,20.5,62.7544,0,0,1,1
37.53,4.0,2.19,1.84,0.48,62.05,101.0292,1,0,0,1
22.15,2.0,2.56,0.91,0.42,24.45,32.985499999999995,0,1,0,0
7.25,2.479878070115875,2.1,1.73,0.17,19.51,17.9592,3,0,0,0
14.91,1.0,4.23,1.28,0.38,112.25,65.9698,1,1,1,0
18.79,3.0,4.17,1.19,0.25,74.57,45.1726,1,1,2,1
32.65,1.0,2.41,0.97,0.26,80.84,63.036879427543056,1,0,2,0
28.97,3.0,4.51,1.37,0.41,51.21,65.195,1,0,1,0
18.45,4.0,2.46,1.59,0.49,109.53,85.4652,1,0,1,0
49.34,4.0,3.5154790679993577,1.12,0.15,78.36,69.91480000000001,1,1,0,0
30.68,1.0,2.75,1.44,0.27,93.45,72.16069999999999,3,0,1,0
5.99,3.0,2.76,1.57,0.25,115.4,41.014300000000006,3,0,1,0
8.49,2.5187565599185513,3.47,1.2513331468131619,0.25,99.35,33.2317,2,0,0,2
13.05,1.0,3.22,1.79,0.12,103.2,38.9635,0,0,0,0
8.87,3.0,4.96,1.19,0.37,24.8,24.6913,3,0,0,0
10.14,4.0,2.17,0.89,0.27,36.16,7.807202796101095,0,1,0,0
9.5,1.0,2.16,1.22,0.43,36.15,29.2945,1,0,0,0
4.93,1.0,2.16,1.07,0.29,8.67,9.9494,2,1,1,0
26.7,4.0,4.51,1.62,0.22,13.75,50.789,2,0,1,0
21.11,3.0,3.54,0.65,0.36,36.5,30.4015,2,1,2,0
49.14,3.0,3.58,1.21,0.22,27.99,69.1972,1,0,2,1
20.49,1.0,2.51,1.66,0.39,96.76,74.2598,1,0,2,0
48.5,4.0,2.59,0.82,0.12,36.94054489120899,50.7312,0,0,0,0
43.41,2.0,2.96,1.25,0.14,5.66,58.0149,1,0,0,1
41.04,2.4638253931354095,3.78,0.85,0.1,54.37,44.101,1,0,1,0
13.64,2.0,2.63,1.11,0.16,51.91,26.076,3,1,1,1
9.37,1.0,2.35,1.67,0.13,18.1,20.3509,1,0,1,0
33.76,1.0,3.5295315375347664,1.66,0.5,82.76,102.3316,2,0,0,1
46.54,2.0,2.07,0.84,0.22,85.74,60.0264,0,0,0,1
28.28,2.0,4.41,1.88,0.16,87.9,71.6404,2,0,1,1
14.72,4.0,2.89,1.07,0.47,5.01,20.9951,1,0,1,0
38.71,2.0,2.41,1.25,0.31,114.7,86.3545,1,0,1,1
10.17,1.0,3.493787069145964,1.41,0.25,98.63,41.4372,2,0,1,0
16.86,1.0,4.09,1.34,0.45,108.96,75.7144,0,0,1,0
21.85,3.0,3.93,1.23,0.26,6.8,32.5735,1,0,2,1
12.88,4.0,4.81,0.76,0.18,98.13,32.2622,0,0,1,1
6.63,4.0,4.08,1.72,0.25,101.28,40.8036,1,1,1,0
30.92,4.0,2.47,1.31,0.23,15.73,46.5931,0,0,0,1
15.14,3.0,2.73,0.7,0.37,89.96,46.61319999999999,0,0,0,1
29.48,2.498517013421074,4.53,1.65,0.22,115.39,78.5578,0,0,0,0
8.56,4.0,2.63,1.4890524506588652,0.33,83.03,46.2939,3,1,1,0
24.58,1.0,2.22,1.92,0.13,70.61,58.59289999999999,1,1,1,0
3.54,2.0,3.21,0.7,0.26,55.94,20.2324,1,1,0,2
17.49,2.0,4.76,1.28,0.47,73.92,61.8896,1,0,0,0
4.11,4.0,2.27,1.9,0.37,112.28,51.6226,1,1,0,2
49.51,2.0,4.84,0.78,0.2,13.75,46.207800000000006,0,1,1,0
16.8,4.0,2.78,0.88,0.2868005874703454,62.63,26.9585,1,0,1,1
13.48,3.0,3.21,1.07,0.22,96.07,38.769,1,0,0,1
21.18,2.0,3.05,1.26,0.32,51.27,46.1432,1,0,0,1
18.09,4.0,4.32,0.72,0.25,7.7,19.2698,0,0,1,0
46.55,3.0,4.41,1.42,0.3,42.88,83.375,3,0,2,0
48.29,3.0,3.1,1.57,0.23,109.74,104.1555,1,1,1,1
36.81,2.0,2.45,1.87,0.39,19.66,78.95210000000002,0,0,0,0
46.98,4.0,4.4,1.92,0.45,15.7,101.6666,0,1,0,0
9.88,1.0,4.12,0.87,0.18,72.77,25.8142,0,1,1,0
37.31,2.0,3.1,0.95,0.46,35.63,54.9343,0,0,2,0
29.15,2.0,2.32,1.84,0.24,108.44,81.9816,1,0,1,0
41.66264183480559,1.0,3.88,1.96,0.32,111.65,122.418,0,0,1,0
39.97,3.0,4.96,0.67,0.15,107.38,47.846900000000005,3,0,1,1
10.88,2.0,3.49147196064748,1.92,0.34,54.594576048361844,41.9406,2,0,1,0
9.02,3.0,3.17,1.14,0.31,89.73,31.69590447626416,1,0,0,0
9.05,2.0,3.74,0.51,0.18,59.73,19.1069,1,1,1,0
40.91,1.0,4.73,1.16,0.28,19.1,57.53359999999999,1,0,1,0
33.59,1.0,3.66,0.57,0.42,111.71,69.7245,1,0,0,1
26.63,2.0,2.52,1.2344418121271235,0.34,57.22,57.1264,1,1,2,0
17.987052138497653,1.0,3.14,1.1242237052611426,0.14,89.47,34.4316,0,1,0,0
43.98,4.0,4.53,1.21,0.32,47.22,72.8562,2,1,0,0
20.23,2.457840203150265,3.93,1.42,0.38,7.17,35.3812,1,1,0,0
22.52,2.0,4.6,1.49,0.35,62.07,59.835542804671945,1,1,1,0
23.67,1.0,4.76,1.73,0.38,43.49,62.2353,2,0,1,2
15.77,3.0,2.28,1.86,0.37,69.36157217531886,63.0548,2,0,0,0
37.63,4.0,3.63,0.68,0.11,85.34,38.6058,2,0,1,0
25.63,3.0,4.22,1.3,0.26,85.95,59.886,0,0,1,1
12.38,2.0,4.27,0.93,0.23,61.64,29.9606,1,0,1,1
45.08,2.0,3.82,0.57,0.2210649392242385,110.21,70.29329999999999,1,1,2,0
19.81,3.0,2.5,1.5,0.19,61.26,43.8544,0,0,0,1
45.42,3.0,4.16,0.74,0.47,27.93,50.89789999999999,2,1,1,0
6.73,4.0,3.39,1.78,0.47,9.87,20.0083,1,0,0,0
47.05,4.0,2.52,1.87,0.49,77.86,128.6549,0,0,0,2
31.76,3.0,3.01,0.9,0.1,33.58,34.952,0,0,0,0
17.41,2.4744261505478167,2.05,1.86,0.3108814688580518,39.98,50.314756717458096,0,0,1,0
7.82,2.0,3.2,0.98,0.27,93.64,36.1464,3,1,0,1
39.91,4.0,3.65,1.33,0.44,42.63,75.4875,2,0,1,0
31.38,4.0,3.86,0.58,0.2,32.85,28.6304,3,0,2,0
27.14,2.0,3.99,0.57,0.49,24.44,31.4354,1,1,1,0
44.8,1.0,4.51,1.58,0.35,94.11,108.2325,0,1,0,0
39.64,4.0,2.65,1.17,0.42,19.92,57.3952,1,0,1,1
8.43,4.0,2.36,0.88,0.13,57.18,2.22181766578521,1,0,0,0
16.27,1.0,4.55,0.79,0.17,71.7403544745502,28.164300000000004,2,0,2,1
13.18,4.0,2.47,1.5,0.4,84.05,55.86,0,0,1,0
37.45,4.0,4.92,0.5,0.11,77.83,32.2063,1,0,0,0
2.64,1.0,4.53,1.71,0.43,98.23,51.2833,0,0,1,2
28.92,1.0,3.5,0.62,0.11,10.15,22.5469,1,1,1,0
38.36,3.0,4.94,0.79,0.36,39.09,49.3168,2,0,1,0
41.24,1.0,3.91,1.03,0.38,38.26,60.92600000000001,1,0,2,0
14.419270700643416,1.0,3.05,0.98,0.24,54.90271529053997,19.0904,1,0,1,0
42.48,4.0,4.79,1.95,0.14,65.02,96.7288,2,0,2,0
20.47,3.0,3.65,1.033173810519503,0.34,48.83,31.306,3,0,1,1
33.767205601443735,1.0,3.77,1.15,0.31,87.74,77.0499,2,0,1,0
8.35,4.0,3.96,1.81,0.4,43.66,36.5375,1,0,1,0
12.23,4.0,2.77,0.95,0.3,38.38,25.9025,1,0,1,0
32.42,4.0,2.58,1.41,0.11,14.18,49.852,2,0,0,0
35.0,2.0,4.48,1.36,0.23,53.07,64.2861,0,0,0,2
27.59,1.0,3.69,0.58,0.49,113.43,75.27289999999999,3,1,1,0
9.9,3.0,2.62,0.81,0.34,102.33,45.4312,1,1,1,0
45.51,4.0,3.71,1.26,0.44,89.21,100.305,2,0,1,1
29.59,4.0,4.6,1.32,0.28,75.26,64.73160000000001,1,1,2,2
23.64,1.0,4.9,1.92,0.13,51.47,56.72507759777437,0,1,0,0
47.42,3.0,3.36,1.4313875414784032,0.3,30.47,95.9602,1,1,2,1
29.73,1.0,3.17,0.889220886736162,0.38,68.12,47.488200000000006,2,1,0,0
25.79,2.0,4.86,0.66,0.13,66.91,30.5797,1,0,1,0
30.96,2.0,2.96,1.24,0.18,69.98,53.9468,1,0,2,0
43.73,4.0,4.64,1.97,0.44,108.76,138.6425,0,0,0,0
108.14699381139414,1.0,2.25,1.6482855857410166,0.36,97.16,239.17140732641303,0,0,0,0
35.14,2.0,4.17,1.05,0.11,113.49,53.550900000000006,0,1,1,0
35.65,4.0,4.35,0.69,0.42,35.49,43.8543,3,1,0,1
8.47,2.0,3.33,1.15,0.2,61.93,25.4565,2,1,2,0
29.24,4.0,3.46,0.91,0.38,75.14857538875125,68.9614,1,1,1,1
30.73,3.0,4.33,1.83,0.19,63.09,72.553,0,1,1,1
37.09,4.0,3.33,1.87,0.18,55.251150249540885,76.46470000000001,2,1,0,0
46.78,3.0,3.13,1.75,0.17,34.03,90.7801,1,1,1,0
46.35,1.0,3.1,0.95,0.24,89.15,68.52850000000001,0,0,1,0
23.09,3.0,3.58,1.68,0.29926268173132087,23.94,48.835,0,0,2,1
6.55,3.0,4.43,0.55,0.3,45.41,21.6555,0,1,1,1
49.26,4.0,3.09,1.95,0.29,35.46,109.4304,1,0,0,0
42.11,1.0,3.57,1.29,0.21,45.23,67.3902,2,0,2,0
7.11,2.0,4.01,0.95,0.11,86.46,20.2751,0,0,0,1
32.91185968845309,3.0,2.81,1.04,0.34,64.05058225451573,66.85679999999999,0,0,2,2
43.62,2.4688296051001353,2.83,0.6,0.26,68.86,46.90559999999999,0,0,2,0
26.42,3.0,4.8,1.98,0.22,16.49,60.7394,3,1,0,0
29.97,3.0,4.17,0.56,0.45,97.58,64.86420000000001,0,0,1,0
20.55,3.0,3.73,1.48,0.4,47.54,53.16,2,0,0,2
3.68,3.0,3.94,1.16,0.44,79.58,43.224,1,0,1,0
17.42,4.0,2.09,1.92,0.3,88.42,62.0624,1,0,1,0
40.34,1.0,3.85,0.87,0.15,29.11,43.31230000000001,0,1,1,0
19.499465954715205,1.0,3.64,1.22,0.18,75.87,38.4514,1,0,1,0
20.51,3.0,3.08,1.55,0.28,54.3,50.07450000000001,2,0,1,2
27.33,4.0,2.24,0.6,0.13,25.97,22.0141,1,0,2,0
46.07,3.0,2.58,0.79,0.43,113.36,87.7201,1,1,2,0
17.97,3.0,4.85,0.82,0.15,91.83,33.3599,0,1,0,0
37.14,3.0,3.4,0.78,0.45,43.84,52.0972,2,0,0,0
23.16,2.0,2.16,1.36,0.28744290629302105,98.11,62.1095,0,0,2,0
20.50826310972179,3.0,2.11,0.82,0.4,85.0,45.9582,3,0,0,0
23.17,2.0,4.15,1.79,0.35,93.07,78.1988,1,0,0,0
7.9,3.0,3.61,1.91,0.42,55.74,42.1098,1,0,1,0
25.42,4.0,2.73,1.03,0.41,49.45,49.1871,2,0,0,2
45.83,3.0,2.5,0.57,0.48,39.51071347028166,65.9479,0,1,1,0
18.76,2.0,2.57,0.9,0.29,117.24,53.4536,1,0,2,0
29.45,2.462000665564972,3.38,1.48,0.29,40.72,60.98234551689964,3,1,0,1
28.877553199119,3.0,2.86,1.3,0.41,58.01,68.2181,0,0,0,0
33.51,4.0,3.94,1.09,0.32,67.27,61.9923,1,1,0,1
9.72,2.0,3.95,1.54,0.17,101.99,36.2571,1,1,2,0
48.09,1.0,4.47,1.23,0.29,92.6,90.4747,1,1,2,0
8.28,4.0,3.25,1.27,0.49,11.7,19.4986,3,0,1,2
25.786177771897027,4.0,2.22,0.9,0.4,119.82,69.336,0,0,0,0
14.727471111005666,4.0,2.82,1.18,0.42,91.53,47.375,0,1,1,0
49.85,3.0,4.94,1.21,0.11,104.35,76.737,0,0,1,0
30.17,4.0,4.13,1.91,0.36,103.47,99.0039,1,0,1,0
37.75,2.0,3.55,0.56,0.12,44.99,30.0888,2,0,1,2
11.29,3.0,2.11,1.470186544617809,0.44,105.79,62.6572,2,0,1,0
45.0,3.0,3.71,1.32,0.32,28.19,72.13080000000001,2,1,2,0
11.05,4.0,4.76,0.75,0.18,14.0,15.5675,3,0,1,0
10.34,1.0,4.91,1.64,0.27099388144177194,95.63,43.8625,0,0,1,0
28.68,2.0,4.84,0.8655814358778327,0.12,103.25,40.174,2,0,1,1
4.22,3.0,4.02,1.81,0.16,83.98,25.095,2,0,0,0
39.0,1.0,2.19,1.56,0.43,64.81,90.8983,2,1,0,0
23.21,4.0,3.4,1.18,0.15,100.48,45.85979999999999,1,0,1,0
26.7,1.0,2.72,1.31,0.19,53.21,47.8069,0,1,1,0
22.6,1.0,3.41,1.77,0.28,27.31,51.058800000000005,1,0,1,0
20.64,3.0,3.37,1.22,0.31,37.76,40.2564,3,0,0,0
28.42,3.0,3.75,1.06,0.41,63.09,59.74210000000001,3,0,1,2
8.61,3.0,3.07,1.24,0.28,66.1,32.2544,0,0,0,0
9.91,2.0,2.49,1.4592798133842162,0.42,97.64,57.075500000000005,0,1,1,0
43.23,2.0,3.51,0.78,0.35,96.01,70.8329,0,0,0,1
19.29,3.0,3.99,1.51,0.16,94.79,48.2843,2,1,0,0
14.27,1.0,3.483280733414336,1.45,0.27,27.05,28.42921538778066,0,1,0,0
2.24,3.0,2.63,0.68,0.33,13.69,8.6709,2,1,1,0
8.65,3.0,2.12,0.62,0.26,33.37,16.1592,1,0,1,1
36.08,4.0,3.510755901111925,1.29,0.17,84.96,65.2064,1,0,0,0
33.29,3.0,4.48,1.1,0.19,52.09,50.996100000000006,1,0,2,0
2.33,2.0,3.4935390393505625,1.38,0.33,105.78,43.0228,0,0,0,1
11.88,2.0,4.67,0.63,0.27,39.27,22.7573,1,0,1,0
12.32,3.0,3.8,1.15,0.31,6.37,19.9427,1,0,0,0
33.92,4.0,3.59,0.76,0.17,39.58,36.09780000000001,2,1,0,0
1.97,1.0,2.08,1.98,0.37,71.48,32.428200000000004,1,0,1,0
6.1,3.0,2.74,1.34,0.35077291106900416,48.23,32.1352,2,0,1,0
40.2,3.0,3.38,1.53,0.2,66.51,78.18800000000002,0,0,2,0
9.75,1.0,3.89,0.99,0.3,105.81,45.2855,1,1,1,0
32.98,3.0,3.67,0.64,0.49,109.94,78.64779999999999,0,0,2,0
12.67,1.0,3.4881291593087793,1.96,0.23,35.59,37.2489,0,0,0,2
5.87,4.0,2.84,0.93,0.34,58.15,28.0701,2,1,0,0
12.92,2.0,3.69,1.14,0.14,62.79563964432226,20.370407598376943,3,1,0,1
36.39,4.0,2.26,1.47,0.34,114.15,94.5643,0,0,0,0
42.93,2.0,3.24,0.54,0.14,119.84,43.19980000000001,1,0,1,0
33.74,4.0,4.97,0.92,0.42,48.47,56.3682,1,0,2,1
11.04,2.0,2.83,0.59,0.38,5.93,11.596999999999998,2,1,2,0
15.36,1.0,3.49,0.74,0.34,6.06,16.9168,1,0,0,0
44.92,2.0,2.99,1.84,0.28,57.97,101.8744,0,0,0,0
1.64,3.0,3.32,1.53,0.44,61.16,32.7396,1,0,0,0
5.19,4.0,4.57,0.87,0.48,7.6,12.7333,2,0,0,1
2.3,1.0,3.480565325437502,1.54,0.47,38.81,26.4327,0,1,1,2
9.89,2.0,2.61,1.36,0.33,69.39,38.95910000000001,2,0,0,2
21.65,3.0,2.18,1.05,0.3028161847737718,24.22,31.6941,2,0,2,0
17.75,4.0,3.498463614902304,1.96,0.2,66.5,51.03,1,0,0,0
13.71,3.0,3.54,0.76,0.3,27.87,22.3206,1,0,0,0
19.6,3.0,4.82,1.4,0.29157289678461173,63.47,48.127500000000005,0,0,1,0
29.92,1.0,2.14,1.14,0.28,23.1,46.55078477823852,1,0,0,0
14.14,4.0,3.06,1.4120078635936348,0.49,82.16,59.8622,2,0,0,0
31.58,1.0,4.57,0.88,0.24,91.7,54.3684,3,1,1,1
21.06,3.0,3.19,1.74,0.28,17.7,44.7904,1,1,1,0
28.05,1.0,2.6,1.23,0.15,58.8,45.9215,1,0,1,0
22.37,3.0,3.27,1.32,0.12,13.15,34.376400000000004,2,0,1,0
15.43,3.0,3.16,0.96,0.41,73.79,48.2267,2,1,1,0
38.42,1.0,4.29,0.63,0.4,65.68,54.76660000000001,1,0,0,0
7.87,2.0,3.52,1.57,0.16,64.51,26.1975,1,0,0,0
24.88,2.0,3.4,1.54,0.2,68.14,55.3432,0,1,2,0
44.83,3.0,2.17,1.09,0.19,72.04,64.7223,1,1,1,2
40.19,1.0,2.79,1.12,0.1,51.19,52.9218,1,0,1,0
21.84,4.0,3.31,1.2,0.15,114.14,46.639,2,0,0,0
2.1,3.0,3.483580605667751,1.05,0.22,94.38,25.4386,0,1,0,0
14.17,4.0,4.84,0.65,0.15,37.82,19.7235,1,1,0,2
27.54,1.0,4.3,0.96,0.49,102.08,80.7576,1,1,0,0
32.04,3.0,3.5067910582940014,1.5,0.22,54.73,62.9006,1,1,0,0
13.64,4.0,3.77,1.5,0.15,100.3,39.275,0,0,1,1
7.83,4.0,4.16,0.93,0.18,99.63,29.3753,1,0,1,0
41.91,2.0,4.82,1.19,0.34,26.72,63.7777,1,0,1,0
49.24,2.0,4.64,0.79,0.13,85.63,54.67150000000001,1,0,1,0
26.76,2.0,3.55,0.82,0.44,38.42,42.398,1,0,2,0
14.34,1.0,3.69,1.85,0.264529347107551,49.956820440860355,38.035,2,0,0,1
1.9,1.0,3.66,0.82,0.28,88.44,29.9812,0,1,0,0
45.8,2.0,3.505961218013213,0.84,0.11,31.43,58.925523015982066,2,0,1,1
6.77,2.0,2.38,0.92,0.36,5.1,10.4444,1,1,2,0
26.4109666450585,2.0,3.59,0.69,0.27,87.25,47.33,0,0,0,1
14.43,4.0,2.81,1.46,0.21,24.69,29.0627,0,0,2,0
28.15,2.0,2.06,0.61,0.18,17.02,22.2951,1,0,2,0
32.92,4.0,4.17,0.7,0.36,32.31,38.8456,2,0,0,0
36.62388891787513,1.0,2.1,1.47,0.27,48.69,76.48649999999999,2,1,0,2
11.11,3.0,3.79,1.01,0.17,59.73,25.1652,2,1,1,0
1.54,3.0,3.62,1.56,0.38,10.13,9.8718,1,0,2,0
7.71,3.0,4.91,1.4537280148864453,0.33,116.62,53.726,1,0,0,0
45.1,3.0,3.521275459869639,0.88,0.44,87.35,81.572,0,0,1,0
43.82,4.0,2.19,1.48,0.15,42.17,73.3691,1,0,0,0
30.27,4.0,3.66,0.67,0.41,41.65,41.0174,1,1,1,0
30.43,2.0,4.52,1.3,0.37,56.58,65.0136,0,1,1,0
33.59,4.0,4.99,1.16,0.15,77.02,55.5074,0,0,1,0
9.59,2.0,3.29,0.9,0.38,21.83,20.2164,1,1,2,0
45.81,2.0,3.5141332744478517,1.41,0.28,26.73,75.03649999999999,2,0,2,0
21.52,3.0,4.72,1.81,0.48,103.83,93.5096,3,1,2,1
19.77,4.0,2.57,2.0,0.16,34.47,47.6252,3,0,0,0
26.43,4.0,3.85,1.41,0.36,48.72,58.65549999999999,1,1,1,0
3.3,2.0,3.22,1.11,0.25,105.2,33.183,1,1,0,0
9.15,2.0,2.12,0.84,0.48,81.26,48.8108,1,0,1,2
37.16,1.0,3.04,0.89,0.23,44.3,46.3014,2,1,1,2
23.850874228355675,2.0,4.06,1.05,0.46,7.26,39.4771,1,0,1,0
13.02,1.0,4.85,1.87,0.2569625329872394,89.6,48.0134,2,0,2,0
20.08,1.0,2.8,1.05,0.42,62.89369870918452,49.5082,1,1,0,0
18.43,2.0,2.17,1.08,0.2,114.78,45.03040000000001,1,1,0,0
28.75,2.0,4.8,1.42,0.22,63.9,59.68299999999999,1,1,2,1
24.33,3.0,4.3,1.0,0.11,46.42,33.7362,0,0,2,0
32.18773370072017,4.0,3.97,1.73,0.19,58.48,73.0708,0,0,2,0
46.9,4.0,4.47,0.56,0.21,84.34,48.44540000000001,2,0,2,0
36.9,4.0,3.94,1.81,0.28,106.66,100.5938,0,1,0,0
11.53,3.0,4.91,1.27,0.17,64.60643283871579,24.4491,1,1,0,1
2.53,2.0,4.14,1.1,0.45,110.59,56.688500000000005,0,0,1,0
13.85,4.0,4.77,1.25,0.38,98.75,59.6075,3,0,1,0
30.16,4.0,3.55,1.5,0.13,117.57,75.65932540347146,0,1,1,0
3.52,2.524421392473836,2.35,1.4242290753554676,0.36,106.23,42.4232,1,0,0,0
25.32,4.0,3.58,1.81,0.36,37.19,62.7976,2,1,1,1
30.25,2.0,2.38,1.17,0.48,17.18,46.0189,2,1,1,0
17.38,2.0,3.78,1.01,0.1,17.91,23.1248,0,0,0,1
38.77,1.0,3.45,0.71,0.2,38.49,38.6747,2,0,1,0
6.22,4.0,3.87,1.16,0.47,75.63,46.6313,1,1,1,0
4.68,4.0,2.03,1.24,0.47,97.5,53.6582,1,1,1,1
36.68,4.0,2.58,1.11,0.39,108.41,85.5747,0,0,0,0
25.28,3.0,3.47,1.52,0.32575618954447616,76.73,73.3549,0,1,1,2
34.73,4.0,4.85,1.13,0.14,5.65,44.88589999999999,2,0,0,0
22.31,2.0,3.15,1.94,0.31,26.43,54.6247,1,0,0,0
41.14,3.0,4.14,1.71,0.17,46.78,82.44200000000001,2,1,1,1
40.17,3.0,3.81,0.66,0.42,62.66,56.6394,2,0,0,0
35.04,4.0,2.9,1.1,0.15,9.99,42.28620524962791,0,1,1,1
14.34,1.0,3.23,1.01,0.29,45.07,30.7837,1,0,1,0
29.921509482793955,3.0,2.65,1.35,0.30735852614396864,25.61,55.3348,0,0,1,0
18.69,3.0,4.9,1.79,0.17,79.41,51.8548,2,0,1,0
5.49,4.0,2.39,0.62,0.49,58.39,34.4049,1,1,1,0
45.95,4.0,3.12,0.61,0.2484354622835382,61.96,62.12950000000001,3,0,1,0
7.7,3.0,2.08,1.78,0.3024495257241145,54.18,33.1236,0,0,0,1
47.56,1.0,2.67,0.82,0.17,114.94,61.209,0,0,0,0
22.85,3.0,4.34,1.3716727428815103,0.23,29.69,45.44370000000001,0,1,1,0
